team_code,team_name_en,league,year,player_name,bats,G,PA,AB,R,H,2B,3B,HR,TB,RBI,SB,CS,SH,SF,BB,IBB,HBP,SO,GIDP,AVG,SLG,OBP,1B
g,Yomiuri Giants,central,2026,赤星 優志,R,11,2,2,0,0,0,0,0,0,0,0,0,0,0,0,0,0,1,0,0.0,0.0,0.0,0
g,Yomiuri Giants,central,2026,石川 達也,R,6,0,0,0,0,0,0,0,0,0,0,0,0,0,0,0,0,0,0,0.0,0.0,0.0,0
g,Yomiuri Giants,central,2026,石塚 裕惺,R,3,11,11,1,1,0,1,0,3,2,0,0,0,0,0,0,0,4,0,0.091,0.273,0.091,0
g,Yomiuri Giants,central,2026,泉口 友汰,L,30,121,108,12,24,4,0,3,37,8,3,0,0,1,11,0,1,20,2,0.222,0.343,0.298,17
g,Yomiuri Giants,central,2026,泉 圭輔,R,2,0,0,0,0,0,0,0,0,0,0,0,0,0,0,0,0,0,0,0.0,0.0,0.0,0
g,Yomiuri Giants,central,2026,井上 温大,L,6,12,10,0,1,0,0,0,1,1,0,0,1,1,0,0,0,2,0,0.1,0.1,0.091,1
g,Yomiuri Giants,central,2026,ウィットリー,R,6,13,12,0,0,0,0,0,0,1,0,0,0,0,1,0,0,6,0,0.0,0.0,0.077,0
g,Yomiuri Giants,central,2026,宇都宮 葵星,L,6,2,2,2,1,0,0,0,1,0,0,0,0,0,0,0,0,0,0,0.5,0.5,0.5,1
g,Yomiuri Giants,central,2026,浦田 俊輔,L,36,129,113,9,28,4,1,0,34,8,9,1,5,0,9,1,2,18,2,0.248,0.301,0.315,23
g,Yomiuri Giants,central,2026,大城 卓三,L,25,76,65,9,21,2,1,4,37,12,0,0,0,0,11,1,0,16,1,0.323,0.569,0.421,14
g,Yomiuri Giants,central,2026,門脇 誠,L,26,19,19,3,3,1,0,0,4,0,1,1,0,0,0,0,0,1,0,0.158,0.211,0.158,2
g,Yomiuri Giants,central,2026,キャベッジ,L,41,164,160,18,43,7,0,7,71,14,3,2,0,0,2,0,2,55,3,0.269,0.444,0.287,29
g,Yomiuri Giants,central,2026,岸田 行倫,R,22,79,72,3,20,1,0,1,24,9,0,0,2,2,3,1,0,11,2,0.278,0.333,0.299,18
g,Yomiuri Giants,central,2026,北浦 竜次,L,11,0,0,0,0,0,0,0,0,0,0,0,0,0,0,0,0,0,0,0.0,0.0,0.0,0
g,Yomiuri Giants,central,2026,小濱 佑斗,R,7,23,21,2,5,1,0,0,6,5,0,0,0,0,2,0,0,3,1,0.238,0.286,0.304,4
g,Yomiuri Giants,central,2026,小林 誠司,R,3,2,2,0,1,1,0,0,2,0,0,0,0,0,0,0,0,0,0,0.5,1.0,0.5,0
g,Yomiuri Giants,central,2026,坂本 勇人,R,22,55,50,4,8,0,0,2,14,4,0,0,0,0,5,0,0,13,2,0.16,0.28,0.236,6
g,Yomiuri Giants,central,2026,佐々木 俊輔,L,36,110,105,14,27,8,0,4,47,11,3,3,1,0,4,0,0,34,0,0.257,0.448,0.284,15
g,Yomiuri Giants,central,2026,ダルベック,R,40,163,142,22,35,7,1,8,68,22,0,0,0,1,19,0,1,48,2,0.246,0.479,0.337,19
g,Yomiuri Giants,central,2026,大勢,R,18,0,0,0,0,0,0,0,0,0,0,0,0,0,0,0,0,0,0,0.0,0.0,0.0,0
g,Yomiuri Giants,central,2026,高梨 雄平,L,5,0,0,0,0,0,0,0,0,0,0,0,0,0,0,0,0,0,0,0.0,0.0,0.0,0
g,Yomiuri Giants,central,2026,竹丸 和幸,L,7,13,12,1,1,0,0,0,1,1,0,0,1,0,0,0,0,8,0,0.083,0.083,0.083,1
g,Yomiuri Giants,central,2026,田中 瑛斗,L,19,0,0,0,0,0,0,0,0,0,0,0,0,0,0,0,0,0,0,0.0,0.0,0.0,0
g,Yomiuri Giants,central,2026,田中 将大,R,6,13,10,0,0,0,0,0,0,0,0,0,3,0,0,0,0,4,1,0.0,0.0,0.0,0
g,Yomiuri Giants,central,2026,田和 廉,R,17,0,0,0,0,0,0,0,0,0,0,0,0,0,0,0,0,0,0,0.0,0.0,0.0,0
g,Yomiuri Giants,central,2026,戸郷 翔征,R,3,6,5,0,1,0,0,0,1,0,0,0,1,0,0,0,0,2,0,0.2,0.2,0.2,1
g,Yomiuri Giants,central,2026,中川 皓太,L,15,0,0,0,0,0,0,0,0,0,0,0,0,0,0,0,0,0,0,0.0,0.0,0.0,0
g,Yomiuri Giants,central,2026,中山 礼都,L,20,63,58,3,8,2,0,0,10,1,0,0,0,0,5,0,0,10,1,0.138,0.172,0.206,6
g,Yomiuri Giants,central,2026,則本 昂大,L,5,8,8,0,1,0,0,0,1,0,0,0,0,0,0,0,0,5,0,0.125,0.125,0.125,1
g,Yomiuri Giants,central,2026,ハワード,R,2,2,2,0,0,0,0,0,0,0,0,0,0,0,0,0,0,2,0,0.0,0.0,0.0,0
g,Yomiuri Giants,central,2026,萩尾 匡也,R,4,3,2,0,0,0,0,0,0,0,1,0,0,0,1,0,0,0,0,0.0,0.0,0.333,0
g,Yomiuri Giants,central,2026,平山 功太,R,23,75,72,10,20,2,1,2,30,9,3,0,0,0,3,0,0,15,0,0.278,0.417,0.307,15
g,Yomiuri Giants,central,2026,船迫 大雅,L,15,0,0,0,0,0,0,0,0,0,0,0,0,0,0,0,0,0,0,0.0,0.0,0.0,0
g,Yomiuri Giants,central,2026,堀田 賢慎,R,2,0,0,0,0,0,0,0,0,0,0,0,0,0,0,0,0,0,0,0.0,0.0,0.0,0
g,Yomiuri Giants,central,2026,マタ,R,3,5,5,0,0,0,0,0,0,0,0,0,0,0,0,0,0,3,0,0.0,0.0,0.0,0
g,Yomiuri Giants,central,2026,マルティネス,L,16,0,0,0,0,0,0,0,0,0,0,0,0,0,0,0,0,0,0,0.0,0.0,0.0,0
g,Yomiuri Giants,central,2026,増田 陸,R,34,106,103,3,28,5,0,2,39,11,1,0,0,1,1,0,1,25,2,0.272,0.379,0.283,21
g,Yomiuri Giants,central,2026,又木 鉄平,L,4,2,2,0,0,0,0,0,0,0,0,0,0,0,0,0,0,1,0,0.0,0.0,0.0,0
g,Yomiuri Giants,central,2026,松本 剛,R,37,89,80,8,16,2,0,0,18,2,5,2,4,0,5,0,0,16,1,0.2,0.225,0.247,14
g,Yomiuri Giants,central,2026,丸 佳浩,L,13,27,23,3,2,1,0,1,6,6,0,0,0,0,4,0,0,6,0,0.087,0.261,0.222,0
g,Yomiuri Giants,central,2026,皆川 岳飛,L,8,9,8,0,1,0,0,0,1,0,0,0,0,0,1,0,0,2,0,0.125,0.125,0.222,1
g,Yomiuri Giants,central,2026,宮原 駿介,L,2,0,0,0,0,0,0,0,0,0,0,0,0,0,0,0,0,0,0,0.0,0.0,0.0,0
g,Yomiuri Giants,central,2026,森田 駿哉,L,1,2,1,0,0,0,0,0,0,0,0,0,0,0,1,0,0,0,0,0.0,0.0,0.5,0
g,Yomiuri Giants,central,2026,山城 京平,L,1,0,0,0,0,0,0,0,0,0,0,0,0,0,0,0,0,0,0,0.0,0.0,0.0,0
g,Yomiuri Giants,central,2026,山瀬 慎之助,R,5,13,13,1,3,1,0,1,7,2,0,0,0,0,0,0,0,6,0,0.231,0.538,0.231,1
g,Yomiuri Giants,central,2026,吉川 尚輝,L,17,59,55,4,12,0,0,0,12,1,3,0,0,0,4,1,0,8,2,0.218,0.218,0.271,12
g,Yomiuri Giants,central,2026,ルシアーノ,R,11,0,0,0,0,0,0,0,0,0,0,0,0,0,0,0,0,0,0,0.0,0.0,0.0,0
g,Yomiuri Giants,central,2026,若林 楽人,R,16,20,19,1,4,0,0,0,4,0,0,0,0,0,1,0,0,5,0,0.211,0.211,0.25,4
