team_code,team_jp,player_name,bats,G,PA,OPS,rank,position,age_2026,note
b,オリックス・バファローズ,西川 龍馬,L,42,174,0.6519999999999999,B,,,
b,オリックス・バファローズ,太田 椋,R,38,153,0.796,A,,,
b,オリックス・バファローズ,宗 佑磨,L,38,152,0.75,A,,,
b,オリックス・バファローズ,森 友哉,L,36,137,0.7070000000000001,B,,,
b,オリックス・バファローズ,紅林 弘太郎,R,38,132,0.611,C,,,
b,オリックス・バファローズ,中川 圭太,R,35,132,0.7310000000000001,B,,,
b,オリックス・バファローズ,シーモア,L,34,123,0.508,C,,,
b,オリックス・バファローズ,渡部 遼人,L,33,107,0.769,A,,,
b,オリックス・バファローズ,若月 健矢,R,32,99,0.452,C,,,
b,オリックス・バファローズ,西野 真弘,L,17,52,0.41200000000000003,C,,,
b,オリックス・バファローズ,廣岡 大志,R,13,51,0.426,C,,,
b,オリックス・バファローズ,野口 智哉,L,30,48,0.511,C,,,
b,オリックス・バファローズ,来田 涼斗,L,17,47,0.5589999999999999,C,,,
b,オリックス・バファローズ,麦谷 祐介,L,30,28,0.46799999999999997,X,,,
b,オリックス・バファローズ,杉澤 龍,L,6,17,1.1440000000000001,C,,,
b,オリックス・バファローズ,大城 滉二,R,10,16,0.688,C,,,
b,オリックス・バファローズ,宜保 翔,L,6,15,0.45299999999999996,C,,,
c,広島東洋カープ,小園 海斗,L,38,162,0.523,C,,,
c,広島東洋カープ,坂倉 将吾,L,36,142,0.923,A,,,
c,広島東洋カープ,菊池 涼介,R,31,121,0.659,B,,,
c,広島東洋カープ,大盛 穂,L,33,111,0.522,C,,,
c,広島東洋カープ,佐々木 泰,R,29,110,0.472,C,,,
c,広島東洋カープ,モンテロ,R,33,95,0.794,B,,,
c,広島東洋カープ,平川 蓮,S,21,81,0.46499999999999997,C,,,
c,広島東洋カープ,持丸 泰輝,L,25,79,0.702,B,,,
c,広島東洋カープ,秋山 翔吾,L,27,77,0.651,B,,,
c,広島東洋カープ,勝田 成,L,27,74,0.44499999999999995,C,,,
c,広島東洋カープ,中村 奨成,R,23,69,0.389,C,,,
c,広島東洋カープ,ファビアン,R,18,67,0.47100000000000003,C,,,
c,広島東洋カープ,野間 峻祥,L,21,59,0.519,C,,,
c,広島東洋カープ,二俣 翔一,R,15,37,0.652,C,,,
c,広島東洋カープ,床田 寛樹,L,8,19,0.423,C,,,
c,広島東洋カープ,栗林 良吏,R,6,18,0.0,C,,,
c,広島東洋カープ,矢野 雅哉,L,16,18,0.635,C,,,
d,中日ドラゴンズ,細川 成也,R,42,178,0.827,A,,,
d,中日ドラゴンズ,村松 開人,L,42,166,0.878,A,,,
d,中日ドラゴンズ,田中 幹也,R,36,132,0.545,C,,,
d,中日ドラゴンズ,ボスラー,L,32,126,0.611,C,,,
d,中日ドラゴンズ,福永 裕基,R,27,113,0.6739999999999999,B,,,
d,中日ドラゴンズ,石伊 雄太,R,26,104,0.74,B,,,
d,中日ドラゴンズ,大島 洋平,L,21,66,0.484,C,,,
d,中日ドラゴンズ,カリステ,R,23,63,0.563,C,,,
d,中日ドラゴンズ,高橋 周平,L,22,63,0.6120000000000001,C,,,
d,中日ドラゴンズ,板山 祐太郎,L,26,61,0.944,B,,,
d,中日ドラゴンズ,鵜飼 航丞,R,18,60,0.731,B,,,
d,中日ドラゴンズ,サノー,R,15,50,0.7150000000000001,C,,,
d,中日ドラゴンズ,木下 拓哉,R,15,48,0.569,C,,,
d,中日ドラゴンズ,花田 旭,R,10,40,0.67,C,,,
d,中日ドラゴンズ,阿部 寿樹,R,20,35,0.757,X,,,
d,中日ドラゴンズ,岡林 勇希,L,7,28,0.436,C,,,
d,中日ドラゴンズ,土田 龍空,L,13,28,0.65,C,,,
d,中日ドラゴンズ,石川 昂弥,R,8,21,0.736,C,,,
d,中日ドラゴンズ,柳 裕也,R,8,20,0.25,C,,,
d,中日ドラゴンズ,金丸 夢斗,L,8,18,0.118,C,,,
d,中日ドラゴンズ,大野 雄大,L,7,17,0.0,C,,,
d,中日ドラゴンズ,山本 泰寛,R,10,16,0.393,C,,,
d,中日ドラゴンズ,ブライト 健太,R,5,15,0.20400000000000001,C,,,
db,横浜DeNAベイスターズ,佐野 恵太,L,42,179,0.712,B,,,
db,横浜DeNAベイスターズ,度会 隆輝,L,40,147,0.8009999999999999,A,,,
db,横浜DeNAベイスターズ,蝦名 達夫,R,36,121,0.613,C,,,
db,横浜DeNAベイスターズ,宮﨑 敏郎,R,32,120,0.7729999999999999,A,,,
db,横浜DeNAベイスターズ,ヒュンメル,S,39,110,0.616,C,,,
db,横浜DeNAベイスターズ,山本 祐大,R,28,105,0.6639999999999999,B,,,
db,横浜DeNAベイスターズ,牧 秀悟,R,21,92,0.8979999999999999,B,,,
db,横浜DeNAベイスターズ,三森 大貴,L,27,86,0.565,C,,,
db,横浜DeNAベイスターズ,林 琢真,L,29,85,0.6499999999999999,B,,,
db,横浜DeNAベイスターズ,勝又 温史,L,26,81,0.813,B,,,
db,横浜DeNAベイスターズ,京田 陽太,L,27,74,0.644,B,,,
db,横浜DeNAベイスターズ,筒香 嘉智,L,16,65,0.9430000000000001,B,,,
db,横浜DeNAベイスターズ,松尾 汐恩,R,22,62,0.486,C,,,
db,横浜DeNAベイスターズ,成瀬 脩人,R,13,34,0.5,C,,,
db,横浜DeNAベイスターズ,宮下 朝陽,R,11,33,0.402,C,,,
db,横浜DeNAベイスターズ,ビシエド,R,19,29,0.6950000000000001,C,,,
db,横浜DeNAベイスターズ,東 克樹,L,7,18,0.0,C,,,
db,横浜DeNAベイスターズ,石上 泰輝,L,8,17,0.309,C,,,
db,横浜DeNAベイスターズ,石田 裕太郎,R,8,16,0.334,C,,,
db,横浜DeNAベイスターズ,梶原 昂希,L,7,16,0.46399999999999997,C,,,
db,横浜DeNAベイスターズ,戸柱 恭孝,L,9,16,0.732,C,,,
db,横浜DeNAベイスターズ,神里 和毅,L,24,14,0.322,X,,,
e,東北楽天ゴールデンイーグルス,辰己 涼介,L,41,171,0.8280000000000001,A,,,
e,東北楽天ゴールデンイーグルス,黒川 史陽,L,42,168,0.671,B,,,
e,東北楽天ゴールデンイーグルス,村林 一輝,R,42,167,0.7070000000000001,B,,,
e,東北楽天ゴールデンイーグルス,浅村 栄斗,R,37,135,0.7230000000000001,B,,,
e,東北楽天ゴールデンイーグルス,中島 大輔,L,34,112,0.5820000000000001,C,,,
e,東北楽天ゴールデンイーグルス,太田 光,R,38,109,0.665,B,,,
e,東北楽天ゴールデンイーグルス,小深田 大翔,L,35,102,0.507,C,,,
e,東北楽天ゴールデンイーグルス,小郷 裕哉,L,34,101,0.53,C,,,
e,東北楽天ゴールデンイーグルス,ボイト,R,20,74,0.353,C,,,
e,東北楽天ゴールデンイーグルス,平良 竜哉,R,29,60,0.8780000000000001,B,,,
e,東北楽天ゴールデンイーグルス,佐藤 直樹,R,17,55,0.9199999999999999,B,,,
e,東北楽天ゴールデンイーグルス,伊藤 裕季也,R,19,53,0.683,C,,,
e,東北楽天ゴールデンイーグルス,渡邊 佳明,L,23,53,0.771,C,,,
e,東北楽天ゴールデンイーグルス,YG安田,L,14,40,0.549,C,,,
e,東北楽天ゴールデンイーグルス,マッカスカー,R,9,34,0.479,C,,,
e,東北楽天ゴールデンイーグルス,伊藤 光,R,18,31,0.361,C,,,
e,東北楽天ゴールデンイーグルス,鈴木 大地,L,21,31,0.42100000000000004,X,,,
f,北海道日本ハムファイターズ,清宮 幸太郎,L,45,189,0.768,A,,,
f,北海道日本ハムファイターズ,レイエス,R,42,173,0.892,A,,,
f,北海道日本ハムファイターズ,万波 中正,R,44,169,0.806,A,,,
f,北海道日本ハムファイターズ,郡司 裕也,R,44,167,0.644,B,,,
f,北海道日本ハムファイターズ,水野 達稀,L,41,156,0.736,B,,,
f,北海道日本ハムファイターズ,田宮 裕涼,L,37,121,0.7030000000000001,B,,,
f,北海道日本ハムファイターズ,野村 佑希,R,35,120,0.721,B,,,
f,北海道日本ハムファイターズ,カストロ,R,26,93,0.725,B,,,
f,北海道日本ハムファイターズ,奈良間 大己,R,34,91,0.7,B,,,
f,北海道日本ハムファイターズ,矢澤 宏太,L,34,66,0.665,B,,,
f,北海道日本ハムファイターズ,西川 遥輝,L,18,55,0.69,B,,,
f,北海道日本ハムファイターズ,水谷 瞬,R,14,52,0.604,C,,,
f,北海道日本ハムファイターズ,大塚 瑠晏,L,19,37,0.6839999999999999,C,,,
f,北海道日本ハムファイターズ,淺間 大基,L,12,35,0.623,C,,,
f,北海道日本ハムファイターズ,五十幡 亮汰,L,34,33,0.42600000000000005,X,,,
f,北海道日本ハムファイターズ,清水 優心,R,14,26,0.558,C,,,
f,北海道日本ハムファイターズ,進藤 勇也,R,9,23,0.611,C,,,
f,北海道日本ハムファイターズ,マルティネス,R,9,20,0.206,C,,,
f,北海道日本ハムファイターズ,山縣 秀,R,9,20,0.0,C,,,
g,読売ジャイアンツ,キャベッジ,L,41,164,0.731,B,,,
g,読売ジャイアンツ,ダルベック,R,40,163,0.8160000000000001,A,,,
g,読売ジャイアンツ,浦田 俊輔,L,36,129,0.616,C,,,
g,読売ジャイアンツ,泉口 友汰,L,30,121,0.641,B,,,
g,読売ジャイアンツ,佐々木 俊輔,L,36,110,0.732,B,,,
g,読売ジャイアンツ,増田 陸,R,34,106,0.6619999999999999,B,,,
g,読売ジャイアンツ,松本 剛,R,37,89,0.472,C,,,
g,読売ジャイアンツ,岸田 行倫,R,22,79,0.632,B,,,
g,読売ジャイアンツ,大城 卓三,L,25,76,0.99,B,,,
g,読売ジャイアンツ,平山 功太,R,23,75,0.724,B,,,
g,読売ジャイアンツ,中山 礼都,L,20,63,0.378,C,,,
g,読売ジャイアンツ,吉川 尚輝,L,17,59,0.489,C,,,
g,読売ジャイアンツ,坂本 勇人,R,22,55,0.516,C,,,
g,読売ジャイアンツ,丸 佳浩,L,13,27,0.483,C,,,
g,読売ジャイアンツ,小濱 佑斗,R,7,23,0.59,C,,,
g,読売ジャイアンツ,若林 楽人,R,16,20,0.46099999999999997,C,,,
g,読売ジャイアンツ,門脇 誠,L,26,19,0.369,X,,,
h,福岡ソフトバンクホークス,栗原 陵矢,L,41,175,0.9309999999999999,A,,,
h,福岡ソフトバンクホークス,近藤 健介,L,40,171,0.9510000000000001,A,,,
h,福岡ソフトバンクホークス,周東 佑京,L,40,164,0.68,B,,,
h,福岡ソフトバンクホークス,山川 穂高,R,41,160,0.6839999999999999,B,,,
h,福岡ソフトバンクホークス,牧原 大成,L,40,152,0.667,B,,,
h,福岡ソフトバンクホークス,柳田 悠岐,L,35,143,0.687,B,,,
h,福岡ソフトバンクホークス,柳町 達,L,31,118,0.5760000000000001,C,,,
h,福岡ソフトバンクホークス,海野 隆司,R,31,94,0.511,C,,,
h,福岡ソフトバンクホークス,今宮 健太,R,25,80,0.539,C,,,
h,福岡ソフトバンクホークス,野村 勇,R,28,58,0.374,C,,,
h,福岡ソフトバンクホークス,川瀬 晃,L,16,39,0.372,C,,,
h,福岡ソフトバンクホークス,庄子 雄大,L,20,37,0.71,X,,,
h,福岡ソフトバンクホークス,中村 晃,L,18,28,0.406,C,,,
h,福岡ソフトバンクホークス,笹川 吉康,L,10,25,0.492,C,,,
h,福岡ソフトバンクホークス,谷川原 健太,L,15,21,0.524,C,,,
h,福岡ソフトバンクホークス,正木 智也,R,4,17,1.037,C,,,
h,福岡ソフトバンクホークス,川村 友斗,L,20,8,0.0,X,,,
l,埼玉西武ライオンズ,渡部 聖弥,R,42,178,0.6659999999999999,B,,,
l,埼玉西武ライオンズ,カナリオ,R,39,147,0.6930000000000001,B,,,
l,埼玉西武ライオンズ,源田 壮亮,L,40,121,0.5389999999999999,C,,,
l,埼玉西武ライオンズ,林 安可,L,35,121,0.603,C,,,
l,埼玉西武ライオンズ,西川 愛也,L,30,117,0.5609999999999999,C,,,
l,埼玉西武ライオンズ,滝澤 夏央,L,38,114,0.704,B,,,
l,埼玉西武ライオンズ,平沢 大河,L,29,114,0.852,A,,,
l,埼玉西武ライオンズ,長谷川 信哉,R,39,113,0.7989999999999999,A,,,
l,埼玉西武ライオンズ,桑原 将志,R,22,94,0.877,B,,,
l,埼玉西武ライオンズ,小島 大河,L,27,91,0.62,B,,,
l,埼玉西武ライオンズ,岸 潤一郎,R,34,73,0.6040000000000001,C,,,
l,埼玉西武ライオンズ,石井 一成,L,19,66,0.597,C,,,
l,埼玉西武ライオンズ,古賀 悠斗,R,31,64,0.774,B,,,
l,埼玉西武ライオンズ,ネビン,R,15,62,1.374,B,,,
l,埼玉西武ライオンズ,山村 崇嘉,L,16,44,0.5609999999999999,C,,,
l,埼玉西武ライオンズ,外崎 修汰,R,9,35,0.619,C,,,
l,埼玉西武ライオンズ,仲三 優太,L,8,26,0.40900000000000003,C,,,
l,埼玉西武ライオンズ,柘植 世那,R,9,20,0.742,C,,,
m,千葉ロッテマリーンズ,西川 史礁,R,42,181,0.74,B,,,
m,千葉ロッテマリーンズ,寺地 隆成,L,42,165,0.524,C,,,
m,千葉ロッテマリーンズ,藤原 恭大,L,35,153,0.796,A,,,
m,千葉ロッテマリーンズ,小川 龍成,L,41,125,0.693,B,,,
m,千葉ロッテマリーンズ,ソト,R,36,117,0.6930000000000001,B,,,
m,千葉ロッテマリーンズ,ポランコ,L,38,113,0.708,B,,,
m,千葉ロッテマリーンズ,友杉 篤輝,R,40,111,0.728,B,,,
m,千葉ロッテマリーンズ,佐藤 都志也,L,36,101,0.91,A,,,
m,千葉ロッテマリーンズ,髙部 瑛斗,L,30,89,0.502,C,,,
m,千葉ロッテマリーンズ,山本 大斗,R,22,58,0.541,C,,,
m,千葉ロッテマリーンズ,松川 虎生,R,22,51,0.45799999999999996,C,,,
m,千葉ロッテマリーンズ,岡 大海,R,20,45,0.349,C,,,
m,千葉ロッテマリーンズ,上田 希由翔,L,13,44,0.608,C,,,
m,千葉ロッテマリーンズ,山口 航輝,R,15,35,0.442,C,,,
m,千葉ロッテマリーンズ,池田 来翔,R,22,33,0.657,X,,,
m,千葉ロッテマリーンズ,石川 慎吾,R,9,28,0.5,C,,,
m,千葉ロッテマリーンズ,藤岡 裕大,L,9,26,0.336,C,,,
m,千葉ロッテマリーンズ,井上 広大,R,10,21,0.495,C,,,
m,千葉ロッテマリーンズ,宮崎 竜成,L,16,17,0.236,C,,,
s,東京ヤクルトスワローズ,サンタナ,R,41,157,0.878,A,,,
s,東京ヤクルトスワローズ,岩田 幸宏,L,39,138,0.633,B,,,
s,東京ヤクルトスワローズ,武岡 龍世,L,42,131,0.726,B,,,
s,東京ヤクルトスワローズ,長岡 秀樹,L,29,126,0.648,B,,,
s,東京ヤクルトスワローズ,オスナ,R,31,120,0.5640000000000001,C,,,
s,東京ヤクルトスワローズ,古賀 優大,R,28,109,0.639,B,,,
s,東京ヤクルトスワローズ,増田 珠,R,30,95,0.8680000000000001,B,,,
s,東京ヤクルトスワローズ,伊藤 琉偉,R,38,91,0.531,C,,,
s,東京ヤクルトスワローズ,丸山 和郁,L,29,81,0.895,B,,,
s,東京ヤクルトスワローズ,内山 壮真,R,18,74,0.775,B,,,
s,東京ヤクルトスワローズ,赤羽 由紘,R,25,62,0.73,B,,,
s,東京ヤクルトスワローズ,鈴木 叶,R,17,61,0.619,C,,,
s,東京ヤクルトスワローズ,並木 秀尊,R,18,45,0.63,C,,,
s,東京ヤクルトスワローズ,田中 陽翔,L,22,44,0.46,C,,,
s,東京ヤクルトスワローズ,茂木 栄五郎,L,13,31,0.492,C,,,
s,東京ヤクルトスワローズ,澤井 廉,L,9,22,0.739,C,,,
s,東京ヤクルトスワローズ,中村 悠平,R,13,19,0.5569999999999999,C,,,
s,東京ヤクルトスワローズ,宮本 丈,L,16,17,0.853,C,,,
s,東京ヤクルトスワローズ,高梨 裕稔,R,7,16,0.126,C,,,
s,東京ヤクルトスワローズ,橋本 星哉,L,13,16,0.402,C,,,
s,東京ヤクルトスワローズ,山野 太一,L,7,16,0.388,C,,,
t,阪神タイガース,森下 翔太,R,42,183,0.901,A,,,
t,阪神タイガース,佐藤 輝明,L,42,179,1.198,A,,,
t,阪神タイガース,中野 拓夢,L,42,167,0.618,C,,,
t,阪神タイガース,大山 悠輔,R,40,166,0.845,A,,,
t,阪神タイガース,近本 光司,L,24,110,0.628,B,,,
t,阪神タイガース,小幡 竜平,L,30,92,0.583,C,,,
t,阪神タイガース,髙寺 望夢,L,32,91,0.741,B,,,
t,阪神タイガース,木浪 聖也,L,28,89,0.639,B,,,
t,阪神タイガース,福島 圭音,L,27,88,0.679,B,,,
t,阪神タイガース,坂本 誠志郎,R,26,80,0.512,C,,,
t,阪神タイガース,伏見 寅威,R,22,65,0.41200000000000003,C,,,
t,阪神タイガース,前川 右京,L,18,47,0.641,C,,,
t,阪神タイガース,中川 勇斗,R,10,25,0.355,C,,,
t,阪神タイガース,岡城 快生,R,10,22,0.6060000000000001,C,,,
t,阪神タイガース,髙橋 遥人,L,6,19,0.4,C,,,
t,阪神タイガース,村上 頌樹,L,8,18,0.192,C,,,
t,阪神タイガース,熊谷 敬宥,R,15,16,0.5529999999999999,C,,,
t,阪神タイガース,才木 浩人,R,8,16,0.083,C,,,
t,阪神タイガース,梅野 隆太郎,R,5,15,0.619,C,,,
